{"bones": ["Nose", "LeftEyeInner", "LeftEye", "LeftEyeOuter", "RightEyeInner", "RightEye", "RightEyeOuter", "LeftEar", "RightEar", "MouthLeft", "MouthRight", "shoulder01.L", "lowerarm01.L", "wrist.L", "LeftPinky", "LeftIndex", "LeftThumb", "shoulder01.R", "lowerarm01.R", "wrist.R", "RightPinky", "RightIndex", "RightThumb", "upperleg01.L", "lowerleg01.L", "foot.L", "LeftHeel", "LeftFootIndex", "upperleg01.R", "lowerleg01.R", "foot.R", "RightHeel", "RightFootIndex"], "poses": [{"Nose": [0.5065975189208984, 0.09640076756477356, -0.453355073928833], "LeftEyeInner": [0.5179015398025513, 0.07671821117401123, -0.4186234772205353], "LeftEye": [0.5256142616271973, 0.07713538408279419, -0.41875210404396057], "LeftEyeOuter": [0.5340067744255066, 0.07824051380157471, -0.41885876655578613], "RightEyeInner": [0.4949937164783478, 0.0773783028125763, -0.4209447205066681], "RightEye": [0.4866546392440796, 0.07826623320579529, -0.4209781885147095], "RightEyeOuter": [0.4781683087348938, 0.0794815719127655, -0.4210747182369232], "LeftEar": [0.5440967082977295, 0.09099399298429489, -0.2021823525428772], "RightEar": [0.4714534282684326, 0.09284371137619019, -0.20983265340328217], "MouthLeft": [0.5232503414154053, 0.11716565489768982, -0.37108588218688965], "MouthRight": [0.49323412775993347, 0.11871865391731262, -0.37331849336624146], "shoulder01.L": [0.6129874587059021, 0.21554386615753174, -0.08516812324523926], "shoulder01.R": [0.42008158564567566, 0.21691730618476868, -0.06888718903064728], "lowerarm01.L": [0.6904585361480713, 0.3302949070930481, -0.1236492469906807], "lowerarm01.R": [0.3180304765701294, 0.31515270471572876, 3.428286436246708e-05], "wrist.L": [0.6930345892906189, 0.43655627965927124, -0.4271538257598877], "wrist.R": [0.3097330927848816, 0.4297384023666382, -0.22568494081497192], "LeftPinky": [0.6896772980690002, 0.4769015610218048, -0.49797943234443665], "RightPinky": [0.3067469894886017, 0.47020423412323, -0.2803497910499573], "LeftIndex": [0.6772713661193848, 0.4729958474636078, -0.5548571944236755], "RightIndex": [0.31965190172195435, 0.47024068236351013, -0.341877281665802], "LeftThumb": [0.6730319857597351, 0.4599197506904602, -0.45675504207611084], "RightThumb": [0.32377511262893677, 0.4561285078525543, -0.2555350065231323], "upperleg01.L": [0.5702957510948181, 0.4949978291988373, -0.005424437113106251], "upperleg01.R": [0.46196091175079346, 0.49814969301223755, 0.005706826224923134], "lowerleg01.L": [0.5712530016899109, 0.7149875164031982, -0.060739193111658096], "lowerleg01.R": [0.45558083057403564, 0.7153998017311096, -0.0214625783264637], "foot.L": [0.5751349925994873, 0.9118921160697937, 0.1766175478696823], "foot.R": [0.451688677072525, 0.9078845381736755, 0.21602067351341248], "LeftHeel": [0.5674707889556885, 0.941806972026825, 0.18496474623680115], "RightHeel": [0.46599963307380676, 0.9384869337081909, 0.2241475135087967], "LeftFootIndex": [0.5890136361122131, 0.9718820452690125, -0.06220871955156326], "RightFootIndex": [0.4355189800262451, 0.9721698760986328, -0.02061476558446884]}]}